<xml id="toolbox">
    <category name="${t:blockly.category.config_screen}" colour="%{BKY_CONFIG_SCREEN_CATEGORY_HUE}">
        <custom-config_screen/>
    </category>
    <category name="${t:blockly.category.config_category}" colour="%{BKY_CONFIG_CATEGORIES_CATEGORY_HUE}">
        <custom-config_category/>
    </category>
    <category name="${t:blockly.category.config_entry}" colour="%{BKY_CONFIG_ENTRIES_CATEGORY_HUE}">
        <custom-config_entries/>
    </category>
    <category name="${t:blockly.category.config_utils}" colour="%{BKY_CONFIG_UTILS_CATEGORY_HUE}">
        <block type="component_from_text">
            <value name="text">
                <block type="text">
                    <field name="TEXT"/>
                </block>
            </value>
        </block>
        <block type="component_from_localized_text">
            <value name="key">
                <block type="text">
                    <field name="TEXT">translation.key.name</field>
                </block>
            </value>
        </block>
        <custom-config_utils/>
    </category>
    <category name="${t:blockly.category.config_requirements}" colour="%{BKY_CONFIG_REQUIREMENTS_HUE}">
        <custom-config_requirements/>
    </category>
    <sep/>
    <category name="${t:blockly.category.config_variables}" colour="150">
        <custom-config_variables/>
    </category>
    <sep/>
    <category name="${t:blockly.category.logic}" colour="%{BKY_LOGIC_HUE}">
        <block type="logic_negate"/>
        <block type="logic_boolean"/>
        <block type="logic_binary_ops"/>
        <block type="math_binary_ops"/>
        <block type="text_binary_ops"/>
        <custom-logicoperations/>
    </category>
    <category name="${t:blockly.category.math}" colour="%{BKY_MATH_HUE}">
        <block type="math_number"/>
        <block type="math_dual_ops"/>
        <block type="math_singular_ops"/>
        <block type="math_from_text"/>
        <custom-math/>
    </category>
    <category name="${t:blockly.category.text}" colour="%{BKY_TEXTS_HUE}">
        <block type="text"/>
        <block type="text_join"/>
        <block type="text_length"/>
        <block type="text_is_empty"/>
        <block type="text_replace"/>
        <block type="text_substring_from"/>
        <block type="text_substring"/>
        <block type="text_contains"/>
        <block type="text_starts_with"/>
        <block type="text_ends_with"/>
        <block type="text_trim"/>
        <block type="text_uppercase"/>
        <block type="text_lowercase"/>
        <block type="text_format_number">
            <value name="format">
                <block type="text">
                    <field name="TEXT">##.##</field>
                </block>
            </value>
        </block>
        <custom-text/>
    </category>
    <category name="${t:blockly.category.time}" colour="#628c94">
        <block type="time_seconds"/>
        <block type="time_minutes"/>
        <block type="time_hours"/>
        <block type="time_day_of_week"/>
        <block type="time_week_of_year"/>
        <block type="time_day_of_month"/>
        <block type="time_month"/>
        <block type="time_year"/>
        <block type="time_as_string"/>
        <block type="time_to_formatted_string">
            <value name="format">
                <block type="text">
                    <field name="TEXT">yyyy-MM-dd</field>
                </block>
            </value>
        </block>
        <custom-time/>
    </category>
    <category name="${t:blockly.category.advanced}" colour="250">
        <block type="call_procedure"/>
        <block type="java_code"/>
        <block type="java_code_get"/>
        <custom-advanced/>
    </category>
    <sep/>
    <custom-other/>
</xml>