{
  "id": "cas_mod_elements",
  "weight": 30,
  "javaplugin": "net.ovonsame.cas.Launcher",
  "minversion": 0,
  "supportedversions": [
    202400115713,
    2024001,
    2023004,
    2024002,
    202400115821,
    202300499999,
    202300400000,
    2024003,
    202500199999
  ],
  "info": {
    "name": "Creating addons support - Mod Elements",
    "version": "1",
    "description": "Additional plugin for CAS that adds Mod elements",
    "author": "OVONSAME",
    "credits": "Made by OVONSAME, jcm23 and Maxhaa",
    "pluginPageID": 105284
  }
}
